order_item_id,order_id,product_id,quantity,unit_price,discount
OI001,O001,P001,1,75000,0
OI002,O001,P002,2,1200,100
OI003,O002,P006,1,12000,500
OI004,O003,P003,1,3500,0
OI005,O003,P002,1,1200,0
OI006,O004,P005,1,14500,1000
OI007,O005,P017,1,28000,0
OI008,O006,P011,1,2500,200
OI009,O006,P012,2,900,0
OI010,O007,P004,1,2200,100
OI011,O008,P013,1,4500,300
OI012,O009,P020,1,8500,500
OI013,O010,P008,2,1800,100
OI014,O011,P014,1,3200,0
OI015,O012,P007,1,22000,2000
OI016,O013,P009,5,250,0
OI017,O014,P017,1,28000,1000
OI018,O015,P018,2,650,50
OI019,O016,P001,1,75000,0
OI020,O017,P019,2,550,0
OI021,O018,P015,1,1800,100
OI022,O019,P025,1,9000,500
OI023,O020,P010,3,180,0
OI024,O021,P006,1,12000,0
OI025,O022,P013,2,4500,500
OI026,O023,P023,5,120,0
OI027,O024,P005,1,14500,500
OI028,O025,P016,2,700,0
OI029,O026,P022,1,3800,0
OI030,O027,P024,2,450,50
OI031,O028,P002,1,1200,0
OI032,O029,P001,1,75000,5000
OI033,O030,P013,1,4500,0
OI034,O031,P007,1,22000,1500
OI035,O032,P020,1,8500,500
OI036,O033,P003,2,3500,200
OI037,O034,P011,1,2500,0
OI038,O035,P004,2,2200,100
OI039,O036,P025,1,9000,0
OI040,O037,P012,3,900,50
OI041,O038,P005,1,14500,1000
OI042,O039,P014,1,3200,200
OI043,O040,P002,2,1200,0
OI044,O040,P026,1,999,0
OI045,O002,P002,1,1200,0
OI046,O014,P009,10,250,100
OI047,O018,P010,5,180,0
OI048,O024,P019,2,550,0
OI049,O031,P015,1,1800,0
OI050,O036,P006,1,12000,500
