order_id,customer_id,order_date,order_status,shipping_city
O001,C001,2025-04-01,delivered,Ahmedabad
O002,C002,2025-04-02,delivered,Mumbai
O003,C003,2025-04-03,shipped,Pune
O004,C005,2025-04-04,delivered,Surat
O005,C006,2025-04-05,cancelled,Bengaluru
O006,C007,2025-04-06,delivered,Jaipur
O007,C008,2025-04-07,confirmed,Delhi
O008,C009,2025-04-08,delivered,Hyderabad
O009,C010,2025-04-09,returned,Indore
O010,C011,2025-04-10,delivered,Chandigarh
O011,C012,2025-04-11,shipped,Vadodara
O012,C013,2025-04-12,delivered,Kochi
O013,C014,2025-04-13,pending,Lucknow
O014,C015,2025-04-14,delivered,Noida
O015,C016,2025-04-15,delivered,Amritsar
O016,C017,2025-04-16,cancelled,Gurugram
O017,C018,2025-04-17,delivered,Kochi
O018,C020,2025-04-18,delivered,Kolkata
O019,C021,2025-04-19,shipped,Bhopal
O020,C022,2025-04-20,delivered,Kanpur
O021,C023,2025-04-21,delivered,Delhi
O022,C024,2025-04-22,delivered,Mumbai
O023,C025,2025-04-23,pending,Shimla
O024,C026,2025-04-24,delivered,Kolkata
O025,C027,2025-04-25,shipped,Jodhpur
O026,C028,2025-04-26,delivered,Hyderabad
O027,C029,2025-04-27,delivered,Lucknow
O028,C030,2025-04-28,confirmed,Delhi
O029,C001,2025-04-29,delivered,Ahmedabad
O030,C002,2025-04-30,returned,Mumbai
O031,C005,2025-05-01,delivered,Surat
O032,C006,2025-05-02,delivered,Bengaluru
O033,C008,2025-05-03,shipped,Delhi
O034,C010,2025-05-04,delivered,Indore
O035,C012,2025-05-05,delivered,Vadodara
O036,C015,2025-05-06,delivered,Noida
O037,C020,2025-05-07,delivered,Kolkata
O038,C023,2025-05-08,delivered,Delhi
O039,C024,2025-05-09,delivered,Mumbai
O040,C030,2025-05-10,weird_status,Delhi
