payment_id,order_id,payment_method,payment_amount,payment_status,payment_date
PAY001,O001,UPI,77300,paid,2025-04-01
PAY002,O002,Credit Card,11500,paid,2025-04-02
PAY003,O003,UPI,4700,paid,2025-04-03
PAY004,O004,Debit Card,13500,paid,2025-04-04
PAY005,O005,Credit Card,28000,failed,2025-04-05
PAY006,O006,UPI,3900,paid,2025-04-06
PAY007,O007,Net Banking,2100,paid,2025-04-07
PAY008,O008,Credit Card,4200,paid,2025-04-08
PAY009,O009,UPI,8000,refunded,2025-04-09
PAY010,O010,Debit Card,3500,paid,2025-04-10
PAY011,O011,UPI,3200,paid,2025-04-11
PAY012,O012,Credit Card,20000,paid,2025-04-12
PAY013,O013,COD,1250,pending,2025-04-13
PAY014,O014,Credit Card,27000,paid,2025-04-14
PAY015,O015,UPI,1250,paid,2025-04-15
PAY016,O016,Credit Card,75000,failed,2025-04-16
PAY017,O017,COD,1100,paid,2025-04-17
PAY018,O018,UPI,1700,paid,2025-04-18
PAY019,O019,Debit Card,8500,paid,2025-04-19
PAY020,O020,UPI,540,paid,2025-04-20
PAY021,O021,Credit Card,12000,paid,2025-04-21
PAY022,O022,UPI,8500,paid,2025-04-22
PAY023,O023,COD,600,pending,2025-04-23
PAY024,O024,Credit Card,14000,paid,2025-04-24
PAY025,O025,UPI,1400,paid,2025-04-25
PAY026,O026,Credit Card,3800,paid,2025-04-26
PAY027,O027,UPI,850,paid,2025-04-27
PAY028,O028,COD,1200,pending,2025-04-28
PAY029,O029,Credit Card,70000,paid,2025-04-29
PAY030,O030,UPI,4500,refunded,2025-04-30
PAY031,O031,Credit Card,20500,paid,2025-05-01
PAY032,O032,UPI,8000,paid,2025-05-02
PAY033,O033,Credit Card,6800,paid,2025-05-03
PAY034,O034,UPI,2500,paid,2025-05-04
PAY035,O035,Debit Card,4300,paid,2025-05-05
PAY036,O036,Credit Card,11500,paid,2025-05-06
PAY037,O037,UPI,2650,paid,2025-05-07
PAY038,O038,Credit Card,13500,paid,2025-05-08
PAY039,O039,UPI,3000,paid,2025-05-09
